{
  "merge_commit_sha": "444075aefe9d4f907f1ab652e2841953d98334db",
  "authors": [
    {
      "n": "Richard Höchenberger",
      "e": "richard.hoechenberger@gmail.com"
    },
    {
      "n": "Stefan Appelhoff",
      "e": "stefan.appelhoff@mailbox.org"
    },
    {
      "n": "Stefan Appelhoff",
      "e": "stefan.appelhoff@mailbox.org"
    }
  ],
  "changes": {
    "doc/conf.py": {
      "a": 2,
      "d": 1
    },
    "doc/glossary.rst": {
      "a": 11,
      "d": 0
    },
    "mne/gui/__init__.py": {
      "a": 1,
      "d": 1
    },
    "mne/report/report.py": {
      "a": 4,
      "d": 4
    },
    "mne/surface.py": {
      "a": 3,
      "d": 3
    },
    "mne/utils/docs.py": {
      "a": 2,
      "d": 2
    }
  }
}