{
  "merge_commit_sha": "0ad069bbff3a1b6f380ce77b191c766eddc0a991",
  "authors": [
    {
      "n": "Guillaume Favelier",
      "e": "guillaume.favelier@gmail.com"
    },
    {
      "n": "Eric Larson",
      "e": "larson.eric.d@gmail.com"
    }
  ],
  "changes": {
    "README.rst": {
      "a": 1,
      "d": 1
    },
    "environment.yml": {
      "a": 1,
      "d": 1
    },
    "mne/commands/mne_coreg.py": {
      "a": 1,
      "d": 16
    },
    "mne/conftest.py": {
      "a": 2,
      "d": 11
    },
    "mne/defaults.py": {
      "a": 1,
      "d": 1
    },
    "mne/event.py": {
      "a": 1,
      "d": 1
    },
    "mne/gui/__init__.py": {
      "a": 9,
      "d": 10
    },
    "mne/gui/_coreg.py": {
      "a": 181,
      "d": 84
    },
    "mne/gui/tests/test_coreg_gui.py": {
      "a": 8,
      "d": 6
    },
    "mne/utils/check.py": {
      "a": 18,
      "d": 8
    },
    "mne/viz/_3d.py": {
      "a": 39,
      "d": 20
    },
    "mne/viz/backends/_abstract.py": {
      "a": 4,
      "d": 0
    },
    "mne/viz/backends/_notebook.py": {
      "a": 5,
      "d": 8
    },
    "mne/viz/backends/_pyvista.py": {
      "a": 15,
      "d": 17
    },
    "mne/viz/backends/_qt.py": {
      "a": 3,
      "d": 0
    },
    "mne/viz/backends/_utils.py": {
      "a": 16,
      "d": 0
    },
    "mne/viz/utils.py": {
      "a": 2,
      "d": 1
    },
    "requirements.txt": {
      "a": 1,
      "d": 1
    },
    "server_environment.yml": {
      "a": 1,
      "d": 1
    }
  }
}