{
  "merge_commit_sha": "ead37bb15e89eff45d0813183867a1807f44aa7f",
  "authors": [
    {
      "n": "Julia Guiomar Niso Galán",
      "e": null
    }
  ],
  "changes": {
    "mne/decoding/transformer.py": {
      "a": 1,
      "d": 1
    },
    "mne/time_frequency/multitaper.py": {
      "a": 1,
      "d": 1
    },
    "mne/time_frequency/psd.py": {
      "a": 1,
      "d": 1
    },
    "mne/viz/epochs.py": {
      "a": 1,
      "d": 1
    },
    "mne/viz/topomap.py": {
      "a": 1,
      "d": 1
    }
  }
}