{
  "merge_commit_sha": "602958dc4bb7094a770671d78777c2d90cc266bb",
  "authors": [
    {
      "n": "Mathieu Scheltienne",
      "e": "mathieu.scheltienne@fcbg.ch"
    },
    {
      "n": "Eric Larson",
      "e": "larson.eric.d@gmail.com"
    },
    {
      "n": "Eric Larson",
      "e": "larson.eric.d@gmail.com"
    }
  ],
  "changes": {
    "doc/changes/latest.inc": {
      "a": 1,
      "d": 1
    },
    "mne/beamformer/_dics.py": {
      "a": 6,
      "d": 6
    },
    "mne/channels/channels.py": {
      "a": 8,
      "d": 3
    },
    "mne/io/meas_info.py": {
      "a": 2,
      "d": 1
    },
    "mne/io/tests/test_meas_info.py": {
      "a": 10,
      "d": 4
    }
  }
}