{
  "merge_commit_sha": "fa0e8d951e7fff82b7a4402dd858d18016f69a64",
  "authors": [
    {
      "n": "Richard Höchenberger",
      "e": "richard.hoechenberger@gmail.com"
    },
    {
      "n": "Eric Larson",
      "e": "larson.eric.d@gmail.com"
    },
    {
      "n": "Stefan Appelhoff",
      "e": "stefan.appelhoff@mailbox.org"
    },
    {
      "n": "Eric Larson",
      "e": "larson.eric.d@gmail.com"
    }
  ],
  "changes": {
    "doc/changes/latest.inc": {
      "a": 2,
      "d": 0
    },
    "mne/io/base.py": {
      "a": 3,
      "d": 2
    },
    "mne/utils/check.py": {
      "a": 3,
      "d": 2
    }
  }
}