{
  "merge_commit_sha": "8db9aac060fe736438933efd0a421a866853727b",
  "authors": [
    {
      "n": "Richard Höchenberger",
      "e": "richard.hoechenberger@gmail.com"
    }
  ],
  "changes": {
    "doc/conf.py": {
      "a": 2,
      "d": 2
    },
    "mne/conftest.py": {
      "a": 4,
      "d": 5
    },
    "mne/cov.py": {
      "a": 2,
      "d": 3
    },
    "mne/datasets/_fetch.py": {
      "a": 3,
      "d": 3
    },
    "mne/datasets/sleep_physionet/_utils.py": {
      "a": 4,
      "d": 5
    },
    "mne/externals/tqdm/__init__.py": {
      "a": 2,
      "d": 2
    },
    "mne/io/eeglab/tests/test_eeglab.py": {
      "a": 2,
      "d": 2
    },
    "mne/surface.py": {
      "a": 2,
      "d": 3
    },
    "mne/tests/test_epochs.py": {
      "a": 2,
      "d": 2
    },
    "mne/time_frequency/tests/test_multitaper.py": {
      "a": 2,
      "d": 3
    },
    "mne/utils/_testing.py": {
      "a": 5,
      "d": 6
    },
    "mne/utils/tests/test_linalg.py": {
      "a": 2,
      "d": 2
    },
    "mne/viz/_brain/_scraper.py": {
      "a": 5,
      "d": 4
    },
    "mne/viz/backends/_notebook.py": {
      "a": 2,
      "d": 2
    },
    "mne/viz/backends/_pyvista.py": {
      "a": 5,
      "d": 7
    },
    "mne/viz/misc.py": {
      "a": 2,
      "d": 2
    },
    "mne/viz/utils.py": {
      "a": 2,
      "d": 2
    },
    "setup.cfg": {
      "a": 1,
      "d": 1
    }
  }
}