{
  "merge_commit_sha": "0126591383729475326714e3edc0360cdbbe92e2",
  "authors": [
    {
      "n": "Eric Larson",
      "e": "larson.eric.d@gmail.com"
    }
  ],
  "changes": {
    "doc/changes/latest.inc": {
      "a": 2,
      "d": 0
    },
    "mne/conftest.py": {
      "a": 1,
      "d": 0
    },
    "mne/surface.py": {
      "a": 8,
      "d": 4
    },
    "mne/tests/test_source_estimate.py": {
      "a": 3,
      "d": 3
    },
    "mne/tests/test_surface.py": {
      "a": 6,
      "d": 7
    },
    "mne/transforms.py": {
      "a": 14,
      "d": 6
    },
    "tutorials/clinical/10_ieeg_localize.py": {
      "a": 2,
      "d": 2
    }
  }
}