{
  "merge_commit_sha": "99a492bca5cfb65177e7167e09822d373e6429bf",
  "authors": [
    {
      "n": "Denis A. Engemann",
      "e": null
    }
  ],
  "changes": {
    "doc/source/python_reference.rst": {
      "a": 2,
      "d": 1
    },
    "doc/source/whats_new.rst": {
      "a": 3,
      "d": 0
    },
    "examples/datasets/plot_spm_faces_dataset.py": {
      "a": 13,
      "d": 1
    },
    "examples/plot_field_lines.py": {
      "a": 0,
      "d": 88
    },
    "examples/plot_meg_eeg_fields_3d.py": {
      "a": 36,
      "d": 0
    },
    "mne/__init__.py": {
      "a": 2,
      "d": 2
    },
    "mne/fiff/channels.py": {
      "a": 9,
      "d": 4
    },
    "mne/fiff/evoked.py": {
      "a": 25,
      "d": 0
    },
    "mne/forward/__init__.py": {
      "a": 1,
      "d": 1
    },
    "mne/forward/_field_interpolation.py": {
      "a": 178,
      "d": 69
    },
    "mne/forward/tests/test_field_interpolation.py": {
      "a": 39,
      "d": 18
    },
    "mne/surface.py": {
      "a": 1,
      "d": 1
    },
    "mne/tests/test_surface.py": {
      "a": 5,
      "d": 5
    },
    "mne/tests/test_viz.py": {
      "a": 35,
      "d": 11
    },
    "mne/viz.py": {
      "a": 113,
      "d": 1
    }
  }
}