{
  "merge_commit_sha": "dfe7f7e950109f9ee7346fe8bd77d7de18c8c726",
  "authors": [
    {
      "n": "Alex Rockhill",
      "e": "aprockhill@mailbox.org"
    }
  ],
  "changes": {
    "doc/install/index.rst": {
      "a": 2,
      "d": 0
    },
    "mne/gui/_ieeg_locate_gui.py": {
      "a": 5,
      "d": 4
    },
    "tutorials/clinical/10_ieeg_localize.py": {
      "a": 41,
      "d": 25
    },
    "tutorials/clinical/20_seeg.py": {
      "a": 3,
      "d": 0
    },
    "tutorials/clinical/30_ecog.py": {
      "a": 4,
      "d": 0
    }
  }
}