{
  "merge_commit_sha": "010b0800f53dbd0506c93276d47a2b80143989f4",
  "authors": [
    {
      "n": "Denis A. Engemann",
      "e": null
    }
  ],
  "changes": {
    "doc/source/whats_new.rst": {
      "a": 3,
      "d": 0
    },
    "mne/epochs.py": {
      "a": 2,
      "d": 1
    },
    "mne/fiff/channels.py": {
      "a": 40,
      "d": 0
    },
    "mne/fiff/evoked.py": {
      "a": 2,
      "d": 1
    },
    "mne/fiff/raw.py": {
      "a": 2,
      "d": 1
    },
    "mne/tests/test_epochs.py": {
      "a": 21,
      "d": 0
    }
  }
}