{
  "merge_commit_sha": "e305764e54300bb174d37c2c69cbb03e089a4e4b",
  "authors": [
    {
      "n": "Richard Höchenberger",
      "e": "richard.hoechenberger@gmail.com"
    },
    {
      "n": "Eric Larson",
      "e": "larson.eric.d@gmail.com"
    },
    {
      "n": "Eric Larson",
      "e": "larson.eric.d@gmail.com"
    }
  ],
  "changes": {
    "doc/changes/latest.inc": {
      "a": 2,
      "d": 0
    },
    "doc/events.rst": {
      "a": 1,
      "d": 0
    },
    "mne/epochs.py": {
      "a": 6,
      "d": 4
    },
    "mne/event.py": {
      "a": 87,
      "d": 2
    },
    "mne/tests/test_epochs.py": {
      "a": 1,
      "d": 1
    },
    "mne/tests/test_event.py": {
      "a": 48,
      "d": 1
    },
    "mne/utils/docs.py": {
      "a": 6,
      "d": 4
    },
    "mne/utils/mixin.py": {
      "a": 3,
      "d": 31
    }
  }
}