{
  "merge_commit_sha": "c8751aad782b6f39cbe9516799f2d3dab9df0204",
  "authors": [
    {
      "n": "Richard Höchenberger",
      "e": "richard.hoechenberger@gmail.com"
    }
  ],
  "changes": {
    "doc/conf.py": {
      "a": 1,
      "d": 0
    },
    "doc/mri.rst": {
      "a": 2,
      "d": 0
    },
    "mne/channels/montage.py": {
      "a": 8,
      "d": 7
    },
    "mne/coreg.py": {
      "a": 1,
      "d": 11
    },
    "mne/gui/_coreg.py": {
      "a": 1,
      "d": 11
    },
    "mne/io/_digitization.py": {
      "a": 1,
      "d": 1
    },
    "mne/io/meas_info.py": {
      "a": 12,
      "d": 8
    },
    "mne/utils/docs.py": {
      "a": 16,
      "d": 0
    }
  }
}