{
  "merge_commit_sha": "49bdb5e0e0eb85dbfa37d3dfda03e7591dc7ed4d",
  "authors": [
    {
      "n": "Richard Höchenberger",
      "e": "richard.hoechenberger@gmail.com"
    },
    {
      "n": "Alexandre Gramfort",
      "e": "alexandre.gramfort@m4x.org"
    },
    {
      "n": "Alexandre Gramfort",
      "e": "alexandre.gramfort@m4x.org"
    }
  ],
  "changes": {
    "doc/changes/latest.inc": {
      "a": 2,
      "d": 0
    },
    "mne/coreg.py": {
      "a": 51,
      "d": 12
    },
    "mne/gui/_coreg.py": {
      "a": 14,
      "d": 13
    },
    "mne/tests/test_coreg.py": {
      "a": 5,
      "d": 0
    }
  }
}