{
  "merge_commit_sha": "623645a3d3f5e71ddaf448ccd6ca1be74748219a",
  "authors": [
    {
      "n": "Guillaume Favelier",
      "e": "guillaume.favelier@gmail.com"
    }
  ],
  "changes": {
    "mne/commands/mne_coreg.py": {
      "a": 1,
      "d": 5
    },
    "mne/gui/__init__.py": {
      "a": 14,
      "d": 13
    },
    "mne/gui/_coreg.py": {
      "a": 15,
      "d": 32
    },
    "mne/gui/tests/test_coreg_gui.py": {
      "a": 27,
      "d": 11
    },
    "mne/utils/config.py": {
      "a": 0,
      "d": 1
    }
  }
}