{
  "merge_commit_sha": "c3e812ba3840a336f4da6c26236e1b4487f6c02e",
  "authors": [
    {
      "n": "Alex Rockhill",
      "e": "aprockhill@mailbox.org"
    },
    {
      "n": "Eric Larson",
      "e": "larson.eric.d@gmail.com"
    }
  ],
  "changes": {
    "doc/conf.py": {
      "a": 1,
      "d": 0
    },
    "doc/mri.rst": {
      "a": 1,
      "d": 0
    },
    "mne/__init__.py": {
      "a": 1,
      "d": 1
    },
    "mne/_freesurfer.py": {
      "a": 22,
      "d": 0
    },
    "mne/tests/test_freesurfer.py": {
      "a": 39,
      "d": 1
    },
    "tutorials/clinical/10_ieeg_localize.py": {
      "a": 39,
      "d": 21
    }
  }
}