{
  "merge_commit_sha": "8babd8ce675be5fa17a9288b0ed49b2cd88b8f75",
  "authors": [
    {
      "n": "Eric Larson",
      "e": "larson.eric.d@gmail.com"
    }
  ],
  "changes": {
    "doc/changes/latest.inc": {
      "a": 2,
      "d": 0
    },
    "mne/conftest.py": {
      "a": 2,
      "d": 1
    },
    "mne/io/meas_info.py": {
      "a": 7,
      "d": 1
    },
    "mne/io/proj.py": {
      "a": 46,
      "d": 14
    },
    "mne/io/tests/test_raw.py": {
      "a": 5,
      "d": 1
    },
    "mne/minimum_norm/tests/test_inverse.py": {
      "a": 2,
      "d": 2
    },
    "mne/proj.py": {
      "a": 4,
      "d": 2
    }
  }
}