{
  "merge_commit_sha": "bdd8a3f963963f7ccf54bd3a286748bf3dcb88ff",
  "authors": [
    {
      "n": "Scott Huberty",
      "e": null
    },
    {
      "n": "Alexandre Gramfort",
      "e": "alexandre.gramfort@m4x.org"
    },
    {
      "n": "Alexandre Gramfort",
      "e": "alexandre.gramfort@m4x.org"
    },
    {
      "n": "Eric Larson",
      "e": "larson.eric.d@gmail.com"
    }
  ],
  "changes": {
    "doc/changes/latest.inc": {
      "a": 2,
      "d": 0
    },
    "doc/changes/names.inc": {
      "a": 2,
      "d": 0
    },
    "mne/io/egi/egimff.py": {
      "a": 24,
      "d": 22
    },
    "mne/io/egi/tests/test_egi.py": {
      "a": 21,
      "d": 0
    }
  }
}