{
  "merge_commit_sha": "47c53f9cf57bd81de4427f903cde839df5aba664",
  "authors": [
    {
      "n": "Mathieu Scheltienne",
      "e": "mathieu.scheltienne@fcbg.ch"
    },
    {
      "n": "Clemens Brunner",
      "e": "clemens.brunner@gmail.com"
    },
    {
      "n": "Richard Höchenberger",
      "e": "richard.hoechenberger@gmail.com"
    },
    {
      "n": "Mikolaj Magnuski",
      "e": "mmagnuski@swps.edu.pl"
    },
    {
      "n": "Mikolaj Magnuski",
      "e": "mmagnuski@swps.edu.pl"
    },
    {
      "n": "Clemens Brunner",
      "e": "clemens.brunner@gmail.com"
    },
    {
      "n": "Richard Höchenberger",
      "e": "richard.hoechenberger@gmail.com"
    },
    {
      "n": "Mikolaj Magnuski",
      "e": "mmagnuski@swps.edu.pl"
    }
  ],
  "changes": {
    "doc/install/mne_python.rst": {
      "a": 20,
      "d": 4
    }
  }
}