{
  "merge_commit_sha": "6dcfda8edf51ba4cbc61ccc6b06aca1b804731d4",
  "authors": [
    {
      "n": "Eric Larson",
      "e": "larson.eric.d@gmail.com"
    },
    {
      "n": "Mikolaj Magnuski",
      "e": "mmagnuski@swps.edu.pl"
    },
    {
      "n": "Mikolaj Magnuski",
      "e": "mmagnuski@swps.edu.pl"
    }
  ],
  "changes": {
    "doc/glossary.rst": {
      "a": 11,
      "d": 0
    },
    "mne/utils/docs.py": {
      "a": 5,
      "d": 7
    },
    "mne/viz/_3d.py": {
      "a": 2,
      "d": 0
    },
    "mne/viz/_brain/_brain.py": {
      "a": 119,
      "d": 86
    }
  }
}