{
  "merge_commit_sha": "919489a2da08ddb3d70e4056de1ab7c7305c5e6f",
  "authors": [
    {
      "n": "Guillaume Favelier",
      "e": "guillaume.favelier@gmail.com"
    },
    {
      "n": "Eric Larson",
      "e": "larson.eric.d@gmail.com"
    }
  ],
  "changes": {
    "mne/commands/tests/test_commands.py": {
      "a": 15,
      "d": 14
    },
    "mne/conftest.py": {
      "a": 21,
      "d": 5
    },
    "mne/tests/test_coreg.py": {
      "a": 5,
      "d": 5
    },
    "mne/tests/test_source_space.py": {
      "a": 9,
      "d": 8
    },
    "mne/utils/_logging.py": {
      "a": 9,
      "d": 0
    },
    "mne/utils/_testing.py": {
      "a": 3,
      "d": 0
    },
    "mne/utils/tests/test_progressbar.py": {
      "a": 16,
      "d": 10
    },
    "mne/utils/tests/test_testing.py": {
      "a": 25,
      "d": 1
    },
    "mne/viz/backends/_pyvista.py": {
      "a": 2,
      "d": 4
    }
  }
}