{
  "merge_commit_sha": "ffbd0957764c838f71815cbce980b6d3ea2c73e8",
  "authors": [
    {
      "n": "Eric Larson",
      "e": "larson.eric.d@gmail.com"
    }
  ],
  "changes": {
    "mne/annotations.py": {
      "a": 14,
      "d": 6
    },
    "mne/forward/forward.py": {
      "a": 1,
      "d": 5
    },
    "mne/io/base.py": {
      "a": 21,
      "d": 8
    },
    "mne/io/tests/test_raw.py": {
      "a": 53,
      "d": 0
    },
    "mne/preprocessing/ica.py": {
      "a": 17,
      "d": 7
    },
    "mne/preprocessing/tests/test_ica.py": {
      "a": 3,
      "d": 1
    },
    "mne/tests/test_annotations.py": {
      "a": 147,
      "d": 11
    },
    "mne/tests/test_event.py": {
      "a": 1,
      "d": 1
    },
    "mne/utils/numerics.py": {
      "a": 1,
      "d": 1
    }
  }
}