{
  "merge_commit_sha": "6d0aa2572221c9a710c5965fab96042f3cf9ad3c",
  "authors": [
    {
      "n": "Eric Larson",
      "e": "larson.eric.d@gmail.com"
    },
    {
      "n": "Alex",
      "e": "aprockhill@mailbox.org"
    }
  ],
  "changes": {
    "doc/changes/latest.inc": {
      "a": 4,
      "d": 0
    },
    "mne/gui/_ieeg_locate_gui.py": {
      "a": 168,
      "d": 114
    },
    "mne/gui/tests/test_ieeg_locate_gui.py": {
      "a": 19,
      "d": 15
    },
    "mne/tests/test_transforms.py": {
      "a": 5,
      "d": 2
    },
    "mne/transforms.py": {
      "a": 19,
      "d": 2
    },
    "tutorials/clinical/10_ieeg_localize.py": {
      "a": 5,
      "d": 2
    }
  }
}