{
  "merge_commit_sha": "e7f8ccc24f1a1f85ac929f967f290b49f1b908e9",
  "authors": [
    {
      "n": "Guillaume Favelier",
      "e": "guillaume.favelier@gmail.com"
    },
    {
      "n": "Eric Larson",
      "e": "larson.eric.d@gmail.com"
    }
  ],
  "changes": {
    "mne/coreg.py": {
      "a": 4,
      "d": 4
    },
    "mne/forward/tests/test_make_forward.py": {
      "a": 7,
      "d": 3
    },
    "mne/gui/_coreg.py": {
      "a": 61,
      "d": 28
    },
    "mne/gui/tests/test_coreg_gui.py": {
      "a": 45,
      "d": 9
    },
    "mne/surface.py": {
      "a": 99,
      "d": 18
    },
    "mne/viz/_3d.py": {
      "a": 25,
      "d": 14
    },
    "mne/viz/backends/_pyvista.py": {
      "a": 3,
      "d": 2
    }
  }
}