{
  "merge_commit_sha": "4a24000b81373badd378b78b9e930c32ac2c2acf",
  "authors": [
    {
      "n": "Alex Rockhill",
      "e": "aprockhill@mailbox.org"
    }
  ],
  "changes": {
    "doc/changes/latest.inc": {
      "a": 2,
      "d": 0
    },
    "examples/visualization/brain.py": {
      "a": 23,
      "d": 6
    },
    "mne/dipole.py": {
      "a": 1,
      "d": 2
    },
    "mne/forward/_make_forward.py": {
      "a": 1,
      "d": 4
    },
    "mne/utils/docs.py": {
      "a": 21,
      "d": 0
    },
    "mne/viz/_3d.py": {
      "a": 16,
      "d": 21
    },
    "mne/viz/_brain/_brain.py": {
      "a": 125,
      "d": 23
    },
    "mne/viz/_brain/tests/test_brain.py": {
      "a": 25,
      "d": 1
    },
    "tutorials/inverse/35_dipole_orientations.py": {
      "a": 0,
      "d": 1
    }
  }
}