{
  "merge_commit_sha": "67eccfbcb3e7e3f9634f12fdf6c3f4f16f91feca",
  "authors": [
    {
      "n": "Rob Luke",
      "e": null
    },
    {
      "n": "Eric Larson",
      "e": "larson.eric.d@gmail.com"
    }
  ],
  "changes": {
    "doc/changes/latest.inc": {
      "a": 2,
      "d": 0
    },
    "mne/datasets/config.py": {
      "a": 2,
      "d": 2
    },
    "mne/io/snirf/_snirf.py": {
      "a": 20,
      "d": 5
    },
    "mne/io/snirf/tests/test_snirf.py": {
      "a": 21,
      "d": 0
    },
    "mne/tests/test_surface.py": {
      "a": 1,
      "d": 0
    }
  }
}