{
  "merge_commit_sha": "1b14d458cbcd391a6907032b809ec37410b60592",
  "authors": [
    {
      "n": "Eric Larson",
      "e": "larson.eric.d@gmail.com"
    }
  ],
  "changes": {
    "azure-pipelines.yml": {
      "a": 2,
      "d": 2
    },
    "mne/conftest.py": {
      "a": 2,
      "d": 0
    },
    "mne/utils/_testing.py": {
      "a": 5,
      "d": 2
    },
    "tools/azure_dependencies.sh": {
      "a": 3,
      "d": 2
    },
    "tools/github_actions_dependencies.sh": {
      "a": 1,
      "d": 3
    }
  }
}