{
  "merge_commit_sha": "5704330f7d9cb549427a9861b2489d29eebe2f45",
  "authors": [
    {
      "n": "Joshua Teves",
      "e": null
    },
    {
      "n": "Alexandre Gramfort",
      "e": "alexandre.gramfort@m4x.org"
    },
    {
      "n": "Alexandre Gramfort",
      "e": "alexandre.gramfort@m4x.org"
    },
    {
      "n": "Eric Larson",
      "e": "larson.eric.d@gmail.com"
    }
  ],
  "changes": {
    "doc/changes/latest.inc": {
      "a": 2,
      "d": 0
    },
    "doc/source_space.rst": {
      "a": 1,
      "d": 0
    },
    "mne/source_space.py": {
      "a": 37,
      "d": 0
    },
    "mne/tests/test_source_space.py": {
      "a": 17,
      "d": 1
    }
  }
}