[{"DominantFrequency": {"Parameters": {"padlevel": 4, "low_cutoff": 1.0, "high_cutoff": 3.5}, "Index": "Ellipsis"}}, {"MeanCrossRate": {"Parameters": {}, "Index": "Ellipsis"}}, {"Range": {"Parameters": {}, "Index": "Ellipsis"}}, {"RMS": {"Parameters": {}, "Index": "Ellipsis"}}, {"SampleEntropy": {"Parameters": {"m": 2, "r": 0.5}, "Index": "Ellipsis"}}, {"Autocorrelation": {"Parameters": {"lag": 15, "normalize": true}, "Index": "Ellipsis"}}, {"IQR": {"Parameters": {}, "Index": "Ellipsis"}}, {"RangeCountPercentage": {"Parameters": {"range_min": 0.4, "range_max": 1.5}, "Index": "Ellipsis"}}, {"ComplexityInvariantDistance": {"Parameters": {"normalize": true}, "Index": "Ellipsis"}}, {"PermutationEntropy": {"Parameters": {"order": 3, "delay": 1, "normalize": true}, "Index": "Ellipsis"}}, {"SpectralEntropy": {"Parameters": {"padlevel": 4, "low_cutoff": 0.0, "high_cutoff": 5.0}, "Index": "Ellipsis"}}, {"SpectralFlatness": {"Parameters": {"padlevel": 4, "low_cutoff": 0.0, "high_cutoff": 6.0}, "Index": "Ellipsis"}}, {"Mean": {"Parameters": {}, "Index": "Ellipsis"}}, {"JerkMetric": {"Parameters": {}, "Index": "Ellipsis"}}, {"DimensionlessJerk": {"Parameters": {"log": true, "signal_type": "acceleration"}, "Index": "Ellipsis"}}, {"SignalEntropy": {"Parameters": {}, "Index": "Ellipsis"}}, {"SPARC": {"Parameters": {"padlevel": 4, "fc": 10.0, "amplitude_threshold": 0.05}, "Index": "Ellipsis"}}, {"LinearSlope": {"Parameters": {}, "Index": "Ellipsis"}}]