{
    "description": "(example values) Fs=44100; %sampling rate                      M=256; %number of microphones written to file                      sec=2; %length (in seconds) of the data block to read                      Nt=Fs*sec; %number of samples in the data block to read                                           fid=fopen('my_file.int16','rb'); %open file id for reading                      Data=fread(fid,[ M Nt],'int16'); %read in microphone samples and put them in the matrix 'Data'. Each row in 'Data'  corresponds to Nt samples from one microphone. The indexing of the rows will then correspond to the microphone indexing so that samples on row 1 are samples from microphone 1, etc.                      fclose all;",
    "samplerate": 44100.0,
    "lengthInSeconds": 3.0,
    "format": "int16 interleaved",
    "unitInPosition": "meter",
    "elements": [
        {
            "index": 0.0,
            "x": 0.018999999389052391052,
            "y": 0.0,
            "z": 0.0
        },
        {
            "index": 1.0,
            "x": 0.017496999353170394897,
            "y": 0.0073090000078082084656,
            "z": 0.0
        },
        {
            "index": 2.0,
            "x": 0.013434000313282012939,
            "y": 0.013426000252366065979,
            "z": 0.0
        },
        {
            "index": 3.0,
            "x": 0.0073560001328587532043,
            "y": 0.017520999535918235779,
            "z": 0.0
        },
        {
            "index": 4.0,
            "x": 4.8999998398358002305e-05,
            "y": 0.019029999151825904846,
            "z": 0.0
        },
        {
            "index": 5.0,
            "x": -0.0072499997913837432861,
            "y": 0.01757399924099445343,
            "z": 0.0
        },
        {
            "index": 6.0,
            "x": -0.013473000377416610718,
            "y": 0.013505999930202960968,
            "z": 0.0
        },
        {
            "index": 7.0,
            "x": -0.017524000257253646851,
            "y": 0.0072690001688897609711,
            "z": 0.0
        },
        {
            "index": 8.0,
            "x": -0.018997000530362129211,
            "y": 3.9999999899009708315e-06,
            "z": 0.0
        },
        {
            "index": 9.0,
            "x": -0.017574999481439590454,
            "y": -0.0072849998250603675842,
            "z": 0.0
        },
        {
            "index": 10.0,
            "x": -0.013457000255584716797,
            "y": -0.01345000043511390686,
            "z": 0.0
        },
        {
            "index": 11.0,
            "x": -0.0072130002081394195557,
            "y": -0.017527999356389045715,
            "z": 0.0
        },
        {
            "index": 12.0,
            "x": 2.7000000045518390834e-05,
            "y": -0.018990999087691307068,
            "z": 0.0
        },
        {
            "index": 13.0,
            "x": 0.0072960001416504383087,
            "y": -0.01754499971866607666,
            "z": 0.0
        },
        {
            "index": 14.0,
            "x": 0.01345000043511390686,
            "y": -0.01343800034373998642,
            "z": 0.0
        },
        {
            "index": 15.0,
            "x": 0.017597999423742294312,
            "y": -0.0072559998370707035065,
            "z": 0.0
        },
        {
            "index": 16.0,
            "x": 0.039161998778581619263,
            "y": 0.0078790001571178436279,
            "z": 0.0
        },
        {
            "index": 17.0,
            "x": 0.033266998827457427979,
            "y": 0.022224999964237213135,
            "z": 0.0
        },
        {
            "index": 18.0,
            "x": 0.022216999903321266174,
            "y": 0.033289998769760131836,
            "z": 0.0
        },
        {
            "index": 19.0,
            "x": 0.0077720000408589839935,
            "y": 0.039273001253604888916,
            "z": 0.0
        },
        {
            "index": 20.0,
            "x": -0.0077379997819662094116,
            "y": 0.039276000112295150757,
            "z": 0.0
        },
        {
            "index": 21.0,
            "x": -0.022208999842405319214,
            "y": 0.033277001231908798218,
            "z": 0.0
        },
        {
            "index": 22.0,
            "x": -0.033303998410701751709,
            "y": 0.02220799960196018219,
            "z": 0.0
        },
        {
            "index": 23.0,
            "x": -0.039188001304864883423,
            "y": 0.0077909999527037143707,
            "z": 0.0
        },
        {
            "index": 24.0,
            "x": -0.03921899944543838501,
            "y": -0.0077370000071823596954,
            "z": 0.0
        },
        {
            "index": 25.0,
            "x": -0.033284999430179595947,
            "y": -0.022160999476909637451,
            "z": 0.0
        },
        {
            "index": 26.0,
            "x": -0.022135000675916671753,
            "y": -0.033291000872850418091,
            "z": 0.0
        },
        {
            "index": 27.0,
            "x": -0.007743999827653169632,
            "y": -0.039259001612663269043,
            "z": 0.0
        },
        {
            "index": 28.0,
            "x": 0.0077689997851848602295,
            "y": -0.039179001003503799438,
            "z": 0.0
        },
        {
            "index": 29.0,
            "x": 0.022247999906539916992,
            "y": -0.033303998410701751709,
            "z": 0.0
        },
        {
            "index": 30.0,
            "x": 0.033310998231172561646,
            "y": -0.022185999900102615356,
            "z": 0.0
        },
        {
            "index": 31.0,
            "x": 0.039275001734495162964,
            "y": -0.0077840001322329044342,
            "z": 0.0
        },
        {
            "index": 32.0,
            "x": 0.068005003035068511963,
            "y": 0.0,
            "z": 0.0
        },
        {
            "index": 33.0,
            "x": 0.066629000008106231689,
            "y": 0.013342999853193759918,
            "z": 0.0
        },
        {
            "index": 34.0,
            "x": 0.062771998345851898193,
            "y": 0.026063000783324241638,
            "z": 0.0
        },
        {
            "index": 35.0,
            "x": 0.056552000343799591064,
            "y": 0.037783998996019363403,
            "z": 0.0
        },
        {
            "index": 36.0,
            "x": 0.048085998743772506714,
            "y": 0.048078000545501708984,
            "z": 0.0
        },
        {
            "index": 37.0,
            "x": 0.037776000797748565674,
            "y": 0.056575000286102294922,
            "z": 0.0
        },
        {
            "index": 38.0,
            "x": 0.026110000908374786377,
            "y": 0.062795996665954589844,
            "z": 0.0
        },
        {
            "index": 39.0,
            "x": 0.013236000202596187592,
            "y": 0.066739998757839202881,
            "z": 0.0
        },
        {
            "index": 40.0,
            "x": 4.8999998398358002305e-05,
            "y": 0.068034999072551727295,
            "z": 0.0
        },
        {
            "index": 41.0,
            "x": -0.013202000409364700317,
            "y": 0.066743001341819763184,
            "z": 0.0
        },
        {
            "index": 42.0,
            "x": -0.026002999395132064819,
            "y": 0.062849000096321105957,
            "z": 0.0
        },
        {
            "index": 43.0,
            "x": -0.037767998874187469482,
            "y": 0.056561999022960662842,
            "z": 0.0
        },
        {
            "index": 44.0,
            "x": -0.048124000430107116699,
            "y": 0.048158001154661178589,
            "z": 0.0
        },
        {
            "index": 45.0,
            "x": -0.056589998304843902588,
            "y": 0.037767000496387481689,
            "z": 0.0
        },
        {
            "index": 46.0,
            "x": -0.062798999249935150146,
            "y": 0.026022000238299369812,
            "z": 0.0
        },
        {
            "index": 47.0,
            "x": -0.06665500253438949585,
            "y": 0.013255000114440917969,
            "z": 0.0
        },
        {
            "index": 48.0,
            "x": -0.06800200045108795166,
            "y": 3.9999999899009708315e-06,
            "z": 0.0
        },
        {
            "index": 49.0,
            "x": -0.066685996949672698975,
            "y": -0.01319999992847442627,
            "z": 0.0
        },
        {
            "index": 50.0,
            "x": -0.06284999847412109375,
            "y": -0.026039000600576400757,
            "z": 0.0
        },
        {
            "index": 51.0,
            "x": -0.056570000946521759033,
            "y": -0.037719000130891799927,
            "z": 0.0
        },
        {
            "index": 52.0,
            "x": -0.048108998686075210571,
            "y": -0.048101998865604400635,
            "z": 0.0
        },
        {
            "index": 53.0,
            "x": -0.037693999707698822021,
            "y": -0.056575998663902282715,
            "z": 0.0
        },
        {
            "index": 54.0,
            "x": -0.025965999811887741089,
            "y": -0.062803000211715698242,
            "z": 0.0
        },
        {
            "index": 55.0,
            "x": -0.01320799998939037323,
            "y": -0.066725999116897583008,
            "z": 0.0
        },
        {
            "index": 56.0,
            "x": 2.7000000045518390834e-05,
            "y": -0.067996002733707427979,
            "z": 0.0
        },
        {
            "index": 57.0,
            "x": 0.013232000172138214111,
            "y": -0.066646002233028411865,
            "z": 0.0
        },
        {
            "index": 58.0,
            "x": 0.026049999520182609558,
            "y": -0.062818996608257293701,
            "z": 0.0
        },
        {
            "index": 59.0,
            "x": 0.037806998938322067261,
            "y": -0.056588999927043914795,
            "z": 0.0
        },
        {
            "index": 60.0,
            "x": 0.048101000487804412842,
            "y": -0.048089001327753067017,
            "z": 0.0
        },
        {
            "index": 61.0,
            "x": 0.056595999747514724731,
            "y": -0.037744998931884765625,
            "z": 0.0
        },
        {
            "index": 62.0,
            "x": 0.062872998416423797607,
            "y": -0.026009000837802886963,
            "z": 0.0
        },
        {
            "index": 63.0,
            "x": 0.066742002964019775391,
            "y": -0.013247000053524971008,
            "z": 0.0
        },
        {
            "index": 64.0,
            "x": 0.11900500208139419556,
            "y": 0.0,
            "z": 0.0
        },
        {
            "index": 65.0,
            "x": 0.1166490018367767334,
            "y": 0.023291999474167823792,
            "z": 0.0
        },
        {
            "index": 66.0,
            "x": 0.10988999903202056885,
            "y": 0.045579999685287475586,
            "z": 0.0
        },
        {
            "index": 67.0,
            "x": 0.098957002162933349609,
            "y": 0.066118001937866210938,
            "z": 0.0
        },
        {
            "index": 68.0,
            "x": 0.084147997200489044189,
            "y": 0.084141001105308532715,
            "z": 0.0
        },
        {
            "index": 69.0,
            "x": 0.066110000014305114746,
            "y": 0.098980002105236053467,
            "z": 0.0
        },
        {
            "index": 70.0,
            "x": 0.045627001672983169556,
            "y": 0.1099139973521232605,
            "z": 0.0
        },
        {
            "index": 71.0,
            "x": 0.023184999823570251465,
            "y": 0.11676000058650970459,
            "z": 0.0
        },
        {
            "index": 72.0,
            "x": 4.8999998398358002305e-05,
            "y": 0.11903499811887741089,
            "z": 0.0
        },
        {
            "index": 73.0,
            "x": -0.023150999099016189575,
            "y": 0.11676300317049026489,
            "z": 0.0
        },
        {
            "index": 74.0,
            "x": -0.045520000159740447998,
            "y": 0.10996700078248977661,
            "z": 0.0
        },
        {
            "index": 75.0,
            "x": -0.066101998090744018555,
            "y": 0.098967000842094421387,
            "z": 0.0
        },
        {
            "index": 76.0,
            "x": -0.08418700098991394043,
            "y": 0.084219999611377716064,
            "z": 0.0
        },
        {
            "index": 77.0,
            "x": -0.098995000123977661133,
            "y": 0.066100999712944030762,
            "z": 0.0
        },
        {
            "index": 78.0,
            "x": -0.1099169999361038208,
            "y": 0.04553899914026260376,
            "z": 0.0
        },
        {
            "index": 79.0,
            "x": -0.11667499691247940063,
            "y": 0.023204000666737556458,
            "z": 0.0
        },
        {
            "index": 80.0,
            "x": -0.11900199949741363525,
            "y": 3.9999999899009708315e-06,
            "z": 0.0
        },
        {
            "index": 81.0,
            "x": -0.11670599877834320068,
            "y": -0.023150000721216201782,
            "z": 0.0
        },
        {
            "index": 82.0,
            "x": -0.1099679991602897644,
            "y": -0.045556001365184783936,
            "z": 0.0
        },
        {
            "index": 83.0,
            "x": -0.098975002765655517578,
            "y": -0.066053003072738647461,
            "z": 0.0
        },
        {
            "index": 84.0,
            "x": -0.084170997142791748047,
            "y": -0.084164001047611236572,
            "z": 0.0
        },
        {
            "index": 85.0,
            "x": -0.066027998924255371094,
            "y": -0.09898100048303604126,
            "z": 0.0
        },
        {
            "index": 86.0,
            "x": -0.045483000576496124268,
            "y": -0.1099210008978843689,
            "z": 0.0
        },
        {
            "index": 87.0,
            "x": -0.023157000541687011719,
            "y": -0.11674600094556808472,
            "z": 0.0
        },
        {
            "index": 88.0,
            "x": 2.7000000045518390834e-05,
            "y": -0.11899600178003311157,
            "z": 0.0
        },
        {
            "index": 89.0,
            "x": 0.023181999102234840393,
            "y": -0.11666599661111831665,
            "z": 0.0
        },
        {
            "index": 90.0,
            "x": 0.045566998422145843506,
            "y": -0.10993699729442596436,
            "z": 0.0
        },
        {
            "index": 91.0,
            "x": 0.066141001880168914795,
            "y": -0.09899400174617767334,
            "z": 0.0
        },
        {
            "index": 92.0,
            "x": 0.084164001047611236572,
            "y": -0.084151998162269592285,
            "z": 0.0
        },
        {
            "index": 93.0,
            "x": 0.099000997841358184814,
            "y": -0.066078998148441314697,
            "z": 0.0
        },
        {
            "index": 94.0,
            "x": 0.10999099910259246826,
            "y": -0.045526001602411270142,
            "z": 0.0
        },
        {
            "index": 95.0,
            "x": 0.11676199734210968018,
            "y": -0.023197000846266746521,
            "z": 0.0
        },
        {
            "index": 96.0,
            "x": 0.17900499701499938965,
            "y": 0.0,
            "z": 0.0
        },
        {
            "index": 97.0,
            "x": 0.17549599707126617432,
            "y": 0.034997001290321350098,
            "z": 0.0
        },
        {
            "index": 98.0,
            "x": 0.16532300412654876709,
            "y": 0.068539999425411224365,
            "z": 0.0
        },
        {
            "index": 99.0,
            "x": 0.14884500205516815186,
            "y": 0.099451996386051177979,
            "z": 0.0
        },
        {
            "index": 100.0,
            "x": 0.12657499313354492188,
            "y": 0.12656700611114501953,
            "z": 0.0
        },
        {
            "index": 101.0,
            "x": 0.099445000290870666504,
            "y": 0.14886799454689025879,
            "z": 0.0
        },
        {
            "index": 102.0,
            "x": 0.06858800351619720459,
            "y": 0.16534599661827087402,
            "z": 0.0
        },
        {
            "index": 103.0,
            "x": 0.034890998154878616333,
            "y": 0.1756079941987991333,
            "z": 0.0
        },
        {
            "index": 104.0,
            "x": 4.8999998398358002305e-05,
            "y": 0.17903499305248260498,
            "z": 0.0
        },
        {
            "index": 105.0,
            "x": -0.03485599905252456665,
            "y": 0.17561100423336029053,
            "z": 0.0
        },
        {
            "index": 106.0,
            "x": -0.06848099827766418457,
            "y": 0.16539999842643737793,
            "z": 0.0
        },
        {
            "index": 107.0,
            "x": -0.09943599998950958252,
            "y": 0.14885599911212921143,
            "z": 0.0
        },
        {
            "index": 108.0,
            "x": -0.12661300599575042725,
            "y": 0.12664699554443359375,
            "z": 0.0
        },
        {
            "index": 109.0,
            "x": -0.14888200163841247559,
            "y": 0.099435001611709594727,
            "z": 0.0
        },
        {
            "index": 110.0,
            "x": -0.16535000503063201904,
            "y": 0.068499997258186340332,
            "z": 0.0
        },
        {
            "index": 111.0,
            "x": -0.17552199959754943848,
            "y": 0.034910000860691070557,
            "z": 0.0
        },
        {
            "index": 112.0,
            "x": -0.17900200188159942627,
            "y": 3.9999999899009708315e-06,
            "z": 0.0
        },
        {
            "index": 113.0,
            "x": -0.1755529940128326416,
            "y": -0.034855000674724578857,
            "z": 0.0
        },
        {
            "index": 114.0,
            "x": -0.16540099680423736572,
            "y": -0.068516001105308532715,
            "z": 0.0
        },
        {
            "index": 115.0,
            "x": -0.14886300265789031982,
            "y": -0.099388003349304199219,
            "z": 0.0
        },
        {
            "index": 116.0,
            "x": -0.12659800052642822266,
            "y": -0.12659099698066711426,
            "z": 0.0
        },
        {
            "index": 117.0,
            "x": -0.099362999200820922852,
            "y": -0.14886899292469024658,
            "z": 0.0
        },
        {
            "index": 118.0,
            "x": -0.06844399869441986084,
            "y": -0.16535300016403198242,
            "z": 0.0
        },
        {
            "index": 119.0,
            "x": -0.034862998872995376587,
            "y": -0.17559300363063812256,
            "z": 0.0
        },
        {
            "index": 120.0,
            "x": 2.7000000045518390834e-05,
            "y": -0.17899599671363830566,
            "z": 0.0
        },
        {
            "index": 121.0,
            "x": 0.034887000918388366699,
            "y": -0.17551299929618835449,
            "z": 0.0
        },
        {
            "index": 122.0,
            "x": 0.068526998162269592285,
            "y": -0.1653700023889541626,
            "z": 0.0
        },
        {
            "index": 123.0,
            "x": 0.099474996328353881836,
            "y": -0.14888300001621246338,
            "z": 0.0
        },
        {
            "index": 124.0,
            "x": 0.12658999860286712646,
            "y": -0.12657900154590606689,
            "z": 0.0
        },
        {
            "index": 125.0,
            "x": 0.14888900518417358398,
            "y": -0.099413000047206878662,
            "z": 0.0
        },
        {
            "index": 126.0,
            "x": 0.16542300581932067871,
            "y": -0.068487003445625305176,
            "z": 0.0
        },
        {
            "index": 127.0,
            "x": 0.17560899257659912109,
            "y": -0.034901998937129974365,
            "z": 0.0
        }
    ]
}
