{
    "cupy.linux.cuda120": [
        "@push",
        "full",
        "mini",
        "linux",
        "cuda120"
    ],
    "cupy.linux.cuda120.multi": [
        "@push",
        "full",
        "mini",
        "multi",
        "linux",
        "cuda120"
    ],
    "cupy.linux.cuda121": [
        "@push",
        "full",
        "linux",
        "cuda121"
    ],
    "cupy.linux.cuda121.multi": [
        "@push",
        "full",
        "multi",
        "linux",
        "cuda121"
    ],
    "cupy.linux.cuda122": [
        "@push",
        "full",
        "linux",
        "cuda122"
    ],
    "cupy.linux.cuda122.multi": [
        "@push",
        "full",
        "multi",
        "linux",
        "cuda122"
    ],
    "cupy.linux.cuda123": [
        "@push",
        "full",
        "linux",
        "cuda123"
    ],
    "cupy.linux.cuda123.multi": [
        "@push",
        "full",
        "multi",
        "linux",
        "cuda123"
    ],
    "cupy.linux.cuda124": [
        "@push",
        "full",
        "linux",
        "cuda124"
    ],
    "cupy.linux.cuda124.multi": [
        "@push",
        "full",
        "multi",
        "linux",
        "cuda124"
    ],
    "cupy.linux.cuda125": [
        "@push",
        "full",
        "linux",
        "cuda125"
    ],
    "cupy.linux.cuda125.multi": [
        "@push",
        "full",
        "multi",
        "linux",
        "cuda125"
    ],
    "cupy.linux.cuda126": [
        "@push",
        "full",
        "linux",
        "cuda126"
    ],
    "cupy.linux.cuda126.multi": [
        "@push",
        "full",
        "multi",
        "linux",
        "cuda126"
    ],
    "cupy.linux.cuda128": [
        "@push",
        "full",
        "linux",
        "cuda128"
    ],
    "cupy.linux.cuda128.multi": [
        "@push",
        "full",
        "multi",
        "linux",
        "cuda128"
    ],
    "cupy.linux.cuda129": [
        "@push",
        "full",
        "mini",
        "linux",
        "cuda129"
    ],
    "cupy.linux.cuda129.multi": [
        "@push",
        "full",
        "mini",
        "multi",
        "linux",
        "cuda129"
    ],
    "cupy.linux.cuda130": [
        "@push",
        "full",
        "mini",
        "linux",
        "cuda130"
    ],
    "cupy.linux.cuda130.multi": [
        "@push",
        "full",
        "mini",
        "multi",
        "linux",
        "cuda130"
    ],
    "cupy.linux.cuda131": [
        "@push",
        "full",
        "mini",
        "linux",
        "cuda131"
    ],
    "cupy.linux.cuda131.multi": [
        "@push",
        "full",
        "mini",
        "multi",
        "linux",
        "cuda131"
    ],
    "cupy.linux.cuda-slow": [
        "slow",
        "linux"
    ],
    "cupy.linux.cuda-example": [
        "@push",
        "full",
        "mini",
        "linux",
        "example"
    ],
    "cupy.linux.cuda-head": [
        "head",
        "linux"
    ],
    "cupy.linux.cuda12x-cuda-python": [
        "@push",
        "full",
        "mini",
        "linux",
        "cuda-python"
    ],
    "cupy.win.cuda120": [
        "@push",
        "full",
        "mini",
        "windows",
        "cuda120"
    ],
    "cupy.win.cuda121": [
        "@push",
        "full",
        "windows",
        "cuda121"
    ],
    "cupy.win.cuda122": [
        "@push",
        "full",
        "windows",
        "cuda122"
    ],
    "cupy.win.cuda123": [
        "@push",
        "full",
        "windows",
        "cuda123"
    ],
    "cupy.win.cuda124": [
        "@push",
        "full",
        "windows",
        "cuda124"
    ],
    "cupy.win.cuda125": [
        "@push",
        "full",
        "windows",
        "cuda125"
    ],
    "cupy.win.cuda126": [
        "@push",
        "full",
        "windows",
        "cuda126"
    ],
    "cupy.win.cuda128": [
        "@push",
        "full",
        "windows",
        "cuda128"
    ],
    "cupy.win.cuda129": [
        "@push",
        "full",
        "mini",
        "windows",
        "cuda129"
    ],
    "cupy.win.cuda130": [
        "@push",
        "full",
        "mini",
        "windows",
        "cuda130"
    ],
    "cupy.linux.cuda-rapids": [
        "@push",
        "full",
        "linux",
        "rapids"
    ],
    "cupy.linux.cuda-build": [
        "@push",
        "full",
        "mini",
        "linux"
    ],
    "cupy.linux.array-api": [
        "array-api",
        "linux"
    ],
    "cupy.linux.benchmark.head": [
        "benchmark",
        "linux"
    ],
    "cupy.linux.benchmark.pr": [
        "benchmark",
        "linux"
    ]
}