<?xml version="1.0" encoding="utf-8"?>
<MicArray name="acousticam_vierfachkreis_mirr">
 <pos Name="Point 1" x="-0.145527" y="0.633500" z="0"/>
 <pos Name="Point 2" x="-0.029598" y="0.463341" z="0"/>
 <pos Name="Point 3" x="-0.138631" y="0.241627" z="0"/>
 <pos Name="Point 4" x="-0.028790" y="0.088281" z="0"/>
 <pos Name="Point 5" x="-0.550855" y="0.345049" z="0"/>
 <pos Name="Point 6" x="-0.348561" y="0.306703" z="0"/>
 <pos Name="Point 7" x="-0.268883" y="0.072829" z="0"/>
 <pos Name="Point 8" x="-0.082782" y="0.042067" z="0"/>
 <pos Name="Point 9" x="-0.633500" y="-0.145527" z="0"/>
 <pos Name="Point 10" x="-0.463341" y="-0.029598" z="0"/>
 <pos Name="Point 11" x="-0.241627" y="-0.138631" z="0"/>
 <pos Name="Point 12" x="-0.088281" y="-0.028790" z="0"/>
 <pos Name="Point 13" x="-0.345049" y="-0.550855" z="0"/>
 <pos Name="Point 14" x="-0.306703" y="-0.348561" z="0"/>
 <pos Name="Point 15" x="-0.072829" y="-0.268883" z="0"/>
 <pos Name="Point 16" x="-0.042067" y="-0.082782" z="0"/>
 <pos Name="Point 17" x="0.145527" y="-0.633500" z="0"/>
 <pos Name="Point 18" x="0.029598" y="-0.463341" z="0"/>
 <pos Name="Point 19" x="0.138631" y="-0.241627" z="0"/>
 <pos Name="Point 20" x="0.028790" y="-0.088281" z="0"/>
 <pos Name="Point 21" x="0.550855" y="-0.345049" z="0"/>
 <pos Name="Point 22" x="0.348561" y="-0.306703" z="0"/>
 <pos Name="Point 23" x="0.268883" y="-0.072829" z="0"/>
 <pos Name="Point 24" x="0.082782" y="-0.042067" z="0"/>
 <pos Name="Point 25" x="0.633500" y="0.145527" z="0"/>
 <pos Name="Point 26" x="0.463341" y="0.029598" z="0"/>
 <pos Name="Point 27" x="0.241627" y="0.138631" z="0"/>
 <pos Name="Point 28" x="0.088281" y="0.028790" z="0"/>
 <pos Name="Point 29" x="0.345049" y="0.550855" z="0"/>
 <pos Name="Point 30" x="0.306703" y="0.348561" z="0"/>
 <pos Name="Point 31" x="0.072829" y="0.268883" z="0"/>
 <pos Name="Point 32" x="0.042067" y="0.082782" z="0"/>
</MicArray>
