<?xml version="1.0" encoding="utf-8"?>									
<MicArray name="array_84_10_9">									
	<pos Name="Point 	1	" x="	0.1455	" y="	-0.622070844	" z="	0.119791963	"/>
	<pos Name="Point 	2	" x="	0.0668	" y="	-0.232527823	" z="	0.044777801	"/>
	<pos Name="Point 	3	" x="	0.3769	" y="	-0.520045334	" z="	0.100144947	"/>
	<pos Name="Point 	4	" x="	0.1523	" y="	-0.189714423	" z="	0.03653324	"/>
	<pos Name="Point 	5	" x="	0.5509	" y="	-0.338775756	" z="	0.065237928	"/>
	<pos Name="Point 	6	" x="	0.2146	" y="	-0.118031437	" z="	0.022729272	"/>
	<pos Name="Point 	7	" x="	0.641	" y="	-0.106051541	" z="	0.020422308	"/>
	<pos Name="Point 	8	" x="	0.2443	" y="	-0.028378607	" z="	0.005464858	"/>
	<pos Name="Point 	9	" x="	0.0296	" y="	-0.454941472	" z="	0.087607919	"/>
	<pos Name="Point 	10	" x="	0.1386	" y="	-0.237241225	" z="	0.045685459	"/>
	<pos Name="Point 	11	" x="	0.0288	" y="	-0.086706954	" z="	0.016697128	"/>
	<pos Name="Point 	12	" x="	0.3486	" y="	-0.301166737	" z="	0.057995572	"/>
	<pos Name="Point 	13	" x="	0.2689	" y="	-0.071486594	" z="	0.013766148	"/>
	<pos Name="Point 	14	" x="	0.0828	" y="	-0.041340462	" z="	0.007960918	"/>
	<pos Name="Point 	15	" x="	0.6335	" y="	0.142874993	" z="	-0.027513387	"/>
	<pos Name="Point 	16	" x="	0.2368	" y="	0.065594842	" z="	-0.012631576	"/>
	<pos Name="Point 	17	" x="	0.5296	" y="	0.370100239	" z="	-0.071270072	"/>
	<pos Name="Point 	18	" x="	0.1932	" y="	0.149552312	" z="	-0.028799236	"/>
	<pos Name="Point 	19	" x="	0.345	" y="	0.540961055	" z="	-0.10417268	"/>
	<pos Name="Point 	20	" x="	0.1202	" y="	0.21072834	" z="	-0.040579882	"/>
	<pos Name="Point 	21	" x="	0.108	" y="	0.629435535	" z="	-0.121210179	"/>
	<pos Name="Point 	22	" x="	0.0289	" y="	0.239892514	" z="	-0.046196017	"/>
	<pos Name="Point 	23	" x="	0.4633	" y="	0.029065978	" z="	-0.005597225	"/>
	<pos Name="Point 	24	" x="	0.2416	" y="	0.136099478	" z="	-0.026208628	"/>
	<pos Name="Point 	25	" x="	0.0883	" y="	0.028280411	" z="	-0.005445949	"/>
	<pos Name="Point 	26	" x="	0.3067	" y="	0.342310807	" z="	-0.065918671	"/>
	<pos Name="Point 	27	" x="	0.0728	" y="	0.264048698	" z="	-0.050847765	"/>
	<pos Name="Point 	28	" x="	0.0421	" y="	0.081306181	" z="	-0.015657103	"/>
	<pos Name="Point 	29	" x="	-0.1455	" y="	0.622070844	" z="	-0.119791963	"/>
	<pos Name="Point 	30	" x="	-0.0668	" y="	0.232527823	" z="	-0.044777801	"/>
	<pos Name="Point 	31	" x="	-0.3769	" y="	0.520045334	" z="	-0.100144947	"/>
	<pos Name="Point 	32	" x="	-0.1523	" y="	0.189714423	" z="	-0.03653324	"/>
	<pos Name="Point 	33	" x="	-0.5509	" y="	0.338775756	" z="	-0.065237928	"/>
	<pos Name="Point 	34	" x="	-0.2146	" y="	0.118031437	" z="	-0.022729272	"/>
	<pos Name="Point 	35	" x="	-0.641	" y="	0.106051541	" z="	-0.020422308	"/>
	<pos Name="Point 	36	" x="	-0.2443	" y="	0.028378607	" z="	-0.005464858	"/>
	<pos Name="Point 	37	" x="	-0.0296	" y="	0.454941472	" z="	-0.087607919	"/>
	<pos Name="Point 	38	" x="	-0.1386	" y="	0.237241225	" z="	-0.045685459	"/>
	<pos Name="Point 	39	" x="	-0.0288	" y="	0.086706954	" z="	-0.016697128	"/>
	<pos Name="Point 	40	" x="	-0.3486	" y="	0.301166737	" z="	-0.057995572	"/>
	<pos Name="Point 	41	" x="	-0.2689	" y="	0.071486594	" z="	-0.013766148	"/>
	<pos Name="Point 	42	" x="	-0.0828	" y="	0.041340462	" z="	-0.007960918	"/>
	<pos Name="Point 	43	" x="	-0.6335	" y="	-0.142874993	" z="	0.027513387	"/>
	<pos Name="Point 	44	" x="	-0.2368	" y="	-0.065594842	" z="	0.012631576	"/>
	<pos Name="Point 	45	" x="	-0.5296	" y="	-0.370100239	" z="	0.071270072	"/>
	<pos Name="Point 	46	" x="	-0.1932	" y="	-0.149552312	" z="	0.028799236	"/>
	<pos Name="Point 	47	" x="	-0.345	" y="	-0.540961055	" z="	0.10417268	"/>
	<pos Name="Point 	48	" x="	-0.1202	" y="	-0.21072834	" z="	0.040579882	"/>
	<pos Name="Point 	49	" x="	-0.108	" y="	-0.629435535	" z="	0.121210179	"/>
	<pos Name="Point 	50	" x="	-0.0289	" y="	-0.239892514	" z="	0.046196017	"/>
	<pos Name="Point 	51	" x="	-0.4633	" y="	-0.029065978	" z="	0.005597225	"/>
	<pos Name="Point 	52	" x="	-0.2416	" y="	-0.136099478	" z="	0.026208628	"/>
	<pos Name="Point 	53	" x="	-0.0883	" y="	-0.028280411	" z="	0.005445949	"/>
	<pos Name="Point 	54	" x="	-0.3067	" y="	-0.342310807	" z="	0.065918671	"/>
	<pos Name="Point 	55	" x="	-0.0728	" y="	-0.264048698	" z="	0.050847765	"/>
	<pos Name="Point 	56	" x="	-0.0421	" y="	-0.081306181	" z="	0.015657103	"/>
	<pos Name="Point 	57	" x="	0.72	" y="	-1.963917425	" z="	0.378190886	"/>
	<pos Name="Point 	58	" x="	0.72	" y="	-1.595191929	" z="	0.307185547	"/>
	<pos Name="Point 	59	" x="	0.72	" y="	-1.295694521	" z="	0.249511437	"/>
	<pos Name="Point 	60	" x="	0.72	" y="	-1.052463348	" z="	0.202672496	"/>
	<pos Name="Point 	61	" x="	1.2695	" y="	-0.707010273	" z="	0.136148719	"/>
	<pos Name="Point 	62	" x="	1.5745	" y="	-0.707010273	" z="	0.136148719	"/>
	<pos Name="Point 	63	" x="	1.95	" y="	-0.707010273	" z="	0.136148719	"/>
	<pos Name="Point 	64	" x="	2	" y="	0.707010273	" z="	-0.136148719	"/>
	<pos Name="Point 	65	" x="	1.6245	" y="	0.707010273	" z="	-0.136148719	"/>
	<pos Name="Point 	66	" x="	1.3195	" y="	0.707010273	" z="	-0.136148719	"/>
	<pos Name="Point 	67	" x="	1.0718	" y="	0.707010273	" z="	-0.136148719	"/>
	<pos Name="Point 	68	" x="	0.72	" y="	1.246596586	" z="	-0.240056665	"/>
	<pos Name="Point 	69	" x="	0.72	" y="	1.546093993	" z="	-0.297730775	"/>
	<pos Name="Point 	70	" x="	0.72	" y="	1.91481949	" z="	-0.368736114	"/>
	<pos Name="Point 	71	" x="	-0.72	" y="	1.963917425	" z="	-0.378190886	"/>
	<pos Name="Point 	72	" x="	-0.72	" y="	1.595191929	" z="	-0.307185547	"/>
	<pos Name="Point 	73	" x="	-0.72	" y="	1.295694521	" z="	-0.249511437	"/>
	<pos Name="Point 	74	" x="	-0.72	" y="	1.052463348	" z="	-0.202672496	"/>
	<pos Name="Point 	75	" x="	-1.2695	" y="	0.707010273	" z="	-0.136148719	"/>
	<pos Name="Point 	76	" x="	-1.5745	" y="	0.707010273	" z="	-0.136148719	"/>
	<pos Name="Point 	77	" x="	-1.95	" y="	0.707010273	" z="	-0.136148719	"/>
	<pos Name="Point 	78	" x="	-2	" y="	-0.707010273	" z="	0.136148719	"/>
	<pos Name="Point 	79	" x="	-1.6245	" y="	-0.707010273	" z="	0.136148719	"/>
	<pos Name="Point 	80	" x="	-1.3195	" y="	-0.707010273	" z="	0.136148719	"/>
	<pos Name="Point 	81	" x="	-1.0718	" y="	-0.707010273	" z="	0.136148719	"/>
	<pos Name="Point 	82	" x="	-0.72	" y="	-1.246596586	" z="	0.240056665	"/>
	<pos Name="Point 	83	" x="	-0.72	" y="	-1.546093993	" z="	0.297730775	"/>
	<pos Name="Point 	84	" x="	-0.72	" y="	-1.91481949	" z="	0.368736114	"/>
</MicArray>									
