<?xml version="1.0" encoding="utf-8"?>
<MicArray name="HW90D240_f10">
   <pos Name="Point 1" x="-0.36011" y="0.037849" z="0"/>
   <pos Name="Point 2" x="-0.34437" y="0.11189" z="0"/>
   <pos Name="Point 3" x="-0.31358" y="0.18105" z="0"/>
   <pos Name="Point 4" x="-0.26909" y="0.24229" z="0"/>
   <pos Name="Point 5" x="-0.21284" y="0.29294" z="0"/>
   <pos Name="Point 6" x="-0.14728" y="0.33079" z="0"/>
   <pos Name="Point 7" x="-0.075284" y="0.35418" z="0"/>
   <pos Name="Point 8" x="0" y="0.3621" z="0"/>
   <pos Name="Point 9" x="0.075284" y="0.35418" z="0"/>
   <pos Name="Point 10" x="0.14728" y="0.33079" z="0"/>
   <pos Name="Point 11" x="0.21284" y="0.29294" z="0"/>
   <pos Name="Point 12" x="0.26909" y="0.24229" z="0"/>
   <pos Name="Point 13" x="0.31358" y="0.18105" z="0"/>
   <pos Name="Point 14" x="0.34437" y="0.11189" z="0"/>
   <pos Name="Point 15" x="0.36011" y="0.037849" z="0"/>
   <pos Name="Point 16" x="-0.53812" y="0.056559" z="0"/>
   <pos Name="Point 17" x="-0.5146" y="0.1672" z="0"/>
   <pos Name="Point 18" x="-0.46859" y="0.27054" z="0"/>
   <pos Name="Point 19" x="-0.40211" y="0.36206" z="0"/>
   <pos Name="Point 20" x="-0.31804" y="0.43775" z="0"/>
   <pos Name="Point 21" x="-0.22008" y="0.49431" z="0"/>
   <pos Name="Point 22" x="-0.1125" y="0.52926" z="0"/>
   <pos Name="Point 23" x="0" y="0.54109" z="0"/>
   <pos Name="Point 24" x="0.1125" y="0.52926" z="0"/>
   <pos Name="Point 25" x="0.22008" y="0.49431" z="0"/>
   <pos Name="Point 26" x="0.31804" y="0.43775" z="0"/>
   <pos Name="Point 27" x="0.40211" y="0.36206" z="0"/>
   <pos Name="Point 28" x="0.46859" y="0.27054" z="0"/>
   <pos Name="Point 29" x="0.5146" y="0.1672" z="0"/>
   <pos Name="Point 30" x="0.53812" y="0.056559" z="0"/>
   <pos CouplingPoint="1" Name="Point 31" x="-1.3571" y="0.14264" z="0"/>
   <pos Name="Point 32" x="-1.2978" y="0.42169" z="0"/>
   <pos Name="Point 33" x="-1.1818" y="0.68231" z="0"/>
   <pos Name="Point 34" x="-1.0141" y="0.9131" z="0"/>
   <pos Name="Point 35" x="-0.8021" y="1.104" z="0"/>
   <pos Name="Point 36" x="-0.55504" y="1.2466" z="0"/>
   <pos Name="Point 37" x="-0.28372" y="1.3348" z="0"/>
   <pos CouplingPoint="1" Name="Point 38" x="0" y="1.3646" z="0"/>
   <pos Name="Point 39" x="0.28372" y="1.3348" z="0"/>
   <pos Name="Point 40" x="0.55504" y="1.2466" z="0"/>
   <pos Name="Point 41" x="0.8021" y="1.104" z="0"/>
   <pos Name="Point 42" x="1.0141" y="0.9131" z="0"/>
   <pos Name="Point 43" x="1.1818" y="0.68231" z="0"/>
   <pos CouplingPoint="1" Name="Point 44" x="1.2978" y="0.42169" z="0"/>
   <pos Name="Point 45" x="1.3571" y="0.14264" z="0"/>
   <pos Name="Point 46" x="-0.70223" y="0.073807" z="0"/>
   <pos Name="Point 47" x="-0.67154" y="0.2182" z="0"/>
   <pos Name="Point 48" x="-0.6115" y="0.35305" z="0"/>
   <pos Name="Point 49" x="-0.52473" y="0.47247" z="0"/>
   <pos Name="Point 50" x="-0.41503" y="0.57125" z="0"/>
   <pos Name="Point 51" x="-0.2872" y="0.64505" z="0"/>
   <pos Name="Point 52" x="-0.14681" y="0.69067" z="0"/>
   <pos Name="Point 53" x="0" y="0.7061" z="0"/>
   <pos Name="Point 54" x="0.14681" y="0.69067" z="0"/>
   <pos Name="Point 55" x="0.2872" y="0.64505" z="0"/>
   <pos Name="Point 56" x="0.41503" y="0.57125" z="0"/>
   <pos Name="Point 57" x="0.52473" y="0.47247" z="0"/>
   <pos Name="Point 58" x="0.6115" y="0.35305" z="0"/>
   <pos Name="Point 59" x="0.67154" y="0.2182" z="0"/>
   <pos Name="Point 60" x="0.70223" y="0.073807" z="0"/>
   <pos Name="Point 61" x="-0.96638" y="0.10157" z="0"/>
   <pos Name="Point 62" x="-0.92414" y="0.30027" z="0"/>
   <pos Name="Point 63" x="-0.84152" y="0.48585" z="0"/>
   <pos Name="Point 64" x="-0.72212" y="0.6502" z="0"/>
   <pos Name="Point 65" x="-0.57115" y="0.78612" z="0"/>
   <pos Name="Point 66" x="-0.39523" y="0.8877" z="0"/>
   <pos Name="Point 67" x="-0.20203" y="0.95047" z="0"/>
   <pos Name="Point 68" x="0" y="0.9717" z="0"/>
   <pos Name="Point 69" x="0.20203" y="0.95047" z="0"/>
   <pos Name="Point 70" x="0.39523" y="0.8877" z="0"/>
   <pos Name="Point 71" x="0.57115" y="0.78612" z="0"/>
   <pos Name="Point 72" x="0.72212" y="0.6502" z="0"/>
   <pos Name="Point 73" x="0.84152" y="0.48585" z="0"/>
   <pos Name="Point 74" x="0.92414" y="0.30027" z="0"/>
   <pos Name="Point 75" x="0.96638" y="0.10157" z="0"/>
   <pos Name="Point 76" x="-1.2021" y="0.12634" z="0"/>
   <pos Name="Point 77" x="-1.1495" y="0.37351" z="0"/>
   <pos Name="Point 78" x="-1.0468" y="0.60435" z="0"/>
   <pos Name="Point 79" x="-0.89823" y="0.80877" z="0"/>
   <pos Name="Point 80" x="-0.71045" y="0.97785" z="0"/>
   <pos Name="Point 81" x="-0.49162" y="1.1042" z="0"/>
   <pos Name="Point 82" x="-0.2513" y="1.1823" z="0"/>
   <pos Name="Point 83" x="0" y="1.2087" z="0"/>
   <pos Name="Point 84" x="0.2513" y="1.1823" z="0"/>
   <pos Name="Point 85" x="0.49162" y="1.1042" z="0"/>
   <pos Name="Point 86" x="0.71045" y="0.97785" z="0"/>
   <pos Name="Point 87" x="0.89823" y="0.80877" z="0"/>
   <pos Name="Point 88" x="1.0468" y="0.60435" z="0"/>
   <pos Name="Point 89" x="1.1495" y="0.37351" z="0"/>
   <pos Name="Point 90" x="1.2021" y="0.12634" z="0"/>
</MicArray>