<?xml version="1.0" encoding="utf-8"?>
<MicArray name="W90_D105_f4,5">
   <pos Name="Point 1" x="-0.14507" y="-0.1112" z="0"/>
   <pos Name="Point 2" x="-0.1125" y="-0.20451" z="0"/>
   <pos Name="Point 3" x="-0.067958" y="-0.33208" z="0"/>
   <pos Name="Point 4" x="-0.037734" y="-0.41865" z="0"/>
   <pos Name="Point 5" x="-0.022484" y="-0.46233" z="0"/>
   <pos CouplingPoint="1" Name="Point 6" x="-5.0307e-017" y="-0.52673" z="0"/>
   <pos Name="Point 7" x="-0.17776" y="-0.042582" z="0"/>
   <pos Name="Point 8" x="-0.18595" y="-0.14107" z="0"/>
   <pos Name="Point 9" x="-0.19715" y="-0.27573" z="0"/>
   <pos Name="Point 10" x="-0.20475" y="-0.36711" z="0"/>
   <pos Name="Point 11" x="-0.20859" y="-0.41321" z="0"/>
   <pos Name="Point 12" x="-0.21424" y="-0.48119" z="0"/>
   <pos Name="Point 13" x="-0.17971" y="0.0334" z="0"/>
   <pos Name="Point 14" x="-0.22725" y="-0.053241" z="0"/>
   <pos Name="Point 15" x="-0.29225" y="-0.1717" z="0"/>
   <pos Name="Point 16" x="-0.33637" y="-0.25209" z="0"/>
   <pos Name="Point 17" x="-0.35862" y="-0.29265" z="0"/>
   <pos Name="Point 18" x="-0.39144" y="-0.35245" z="0"/>
   <pos Name="Point 19" x="-0.15059" y="0.10361" z="0"/>
   <pos Name="Point 20" x="-0.22926" y="0.043794" z="0"/>
   <pos Name="Point 21" x="-0.33682" y="-0.037986" z="0"/>
   <pos Name="Point 22" x="-0.40982" y="-0.093482" z="0"/>
   <pos Name="Point 23" x="-0.44665" y="-0.12148" z="0"/>
   <pos Name="Point 24" x="-0.50095" y="-0.16277" z="0"/>
   <pos Name="Point 25" x="-0.095427" y="0.1559" z="0"/>
   <pos Name="Point 26" x="-0.19163" y="0.13326" z="0"/>
   <pos Name="Point 27" x="-0.32315" y="0.1023" z="0"/>
   <pos Name="Point 28" x="-0.41241" y="0.081288" z="0"/>
   <pos Name="Point 29" x="-0.45745" y="0.070688" z="0"/>
   <pos CouplingPoint="1" Name="Point 30" x="-0.52385" y="0.055059" z="0"/>
   <pos Name="Point 31" x="-0.023767" y="0.18123" z="0"/>
   <pos Name="Point 32" x="-0.12086" y="0.19968" z="0"/>
   <pos Name="Point 33" x="-0.25361" y="0.22489" z="0"/>
   <pos Name="Point 34" x="-0.34369" y="0.242" z="0"/>
   <pos Name="Point 35" x="-0.38915" y="0.25064" z="0"/>
   <pos Name="Point 36" x="-0.45616" y="0.26337" z="0"/>
   <pos Name="Point 37" x="0.052002" y="0.17523" z="0"/>
   <pos Name="Point 38" x="-0.029195" y="0.23157" z="0"/>
   <pos Name="Point 39" x="-0.14021" y="0.3086" z="0"/>
   <pos Name="Point 40" x="-0.21555" y="0.36087" z="0"/>
   <pos Name="Point 41" x="-0.25356" y="0.38725" z="0"/>
   <pos Name="Point 42" x="-0.30961" y="0.42613" z="0"/>
   <pos Name="Point 43" x="0.11878" y="0.13893" z="0"/>
   <pos Name="Point 44" x="0.067518" y="0.22343" z="0"/>
   <pos Name="Point 45" x="-0.00257" y="0.33895" z="0"/>
   <pos Name="Point 46" x="-0.050132" y="0.41735" z="0"/>
   <pos Name="Point 47" x="-0.074132" y="0.4569" z="0"/>
   <pos Name="Point 48" x="-0.10951" y="0.51522" z="0"/>
   <pos Name="Point 49" x="0.16502" y="0.078609" z="0"/>
   <pos Name="Point 50" x="0.15256" y="0.17665" z="0"/>
   <pos Name="Point 51" x="0.13552" y="0.31069" z="0"/>
   <pos Name="Point 52" x="0.12395" y="0.40165" z="0"/>
   <pos Name="Point 53" x="0.11812" y="0.44755" z="0"/>
   <pos Name="Point 54" x="0.10951" y="0.51522" z="0"/>
   <pos Name="Point 55" x="0.18273" y="0.0046929" z="0"/>
   <pos Name="Point 56" x="0.21122" y="0.099325" z="0"/>
   <pos Name="Point 57" x="0.25017" y="0.22871" z="0"/>
   <pos Name="Point 58" x="0.2766" y="0.31651" z="0"/>
   <pos Name="Point 59" x="0.28994" y="0.36082" z="0"/>
   <pos Name="Point 60" x="0.30961" y="0.42613" z="0"/>
   <pos Name="Point 61" x="0.16884" y="-0.070034" z="0"/>
   <pos Name="Point 62" x="0.23335" y="0.0048289" z="0"/>
   <pos Name="Point 63" x="0.32157" y="0.10719" z="0"/>
   <pos Name="Point 64" x="0.38143" y="0.17665" z="0"/>
   <pos Name="Point 65" x="0.41163" y="0.21169" z="0"/>
   <pos CouplingPoint="1" Name="Point 66" x="0.45616" y="0.26337" z="0"/>
   <pos Name="Point 67" x="0.12575" y="-0.13265" z="0"/>
   <pos Name="Point 68" x="0.21514" y="-0.090502" z="0"/>
   <pos Name="Point 69" x="0.33736" y="-0.032873" z="0"/>
   <pos Name="Point 70" x="0.4203" y="0.0062332" z="0"/>
   <pos Name="Point 71" x="0.46215" y="0.025966" z="0"/>
   <pos Name="Point 72" x="0.52385" y="0.055058" z="0"/>
   <pos Name="Point 73" x="0.060929" y="-0.17233" z="0"/>
   <pos Name="Point 74" x="0.15973" y="-0.17019" z="0"/>
   <pos Name="Point 75" x="0.29482" y="-0.16725" z="0"/>
   <pos Name="Point 76" x="0.3865" y="-0.16526" z="0"/>
   <pos Name="Point 77" x="0.43275" y="-0.16425" z="0"/>
   <pos Name="Point 78" x="0.50095" y="-0.16277" z="0"/>
   <pos Name="Point 79" x="-0.014433" y="-0.18222" z="0"/>
   <pos Name="Point 80" x="0.076703" y="-0.22044" z="0"/>
   <pos Name="Point 81" x="0.20131" y="-0.27271" z="0"/>
   <pos Name="Point 82" x="0.28587" y="-0.30817" z="0"/>
   <pos Name="Point 83" x="0.32853" y="-0.32607" z="0"/>
   <pos Name="Point 84" x="0.39144" y="-0.35245" z="0"/>
   <pos Name="Point 85" x="-0.087299" y="-0.16059" z="0"/>
   <pos Name="Point 86" x="-0.01959" y="-0.23258" z="0"/>
   <pos Name="Point 87" x="0.072986" y="-0.33101" z="0"/>
   <pos Name="Point 88" x="0.13581" y="-0.3978" z="0"/>
   <pos Name="Point 89" x="0.16751" y="-0.4315" z="0"/>
   <pos Name="Point 90" x="0.21424" y="-0.48119" z="0"/>
</MicArray>